<?xml version="1.0" encoding="UTF-8"?>
<project-private xmlns="http://www.netbeans.org/ns/project-private/1">
    <editor-bookmarks xmlns="http://www.netbeans.org/ns/editor-bookmarks/2" lastBookmarkId="0"/>
    <open-files xmlns="http://www.netbeans.org/ns/projectui-open-files/2">
        <group>
            <file>file:/C:/Users/MSI%20MODERN/Documents/NetBeansProjects/JavaApplication2/src/Inventory_mangement_system/AddNewProduct.java</file>
            <file>file:/C:/Users/MSI%20MODERN/Documents/NetBeansProjects/JavaApplication2/src/Inventory_mangement_system/Login.java</file>
            <file>file:/C:/Users/MSI%20MODERN/Documents/NetBeansProjects/JavaApplication2/src/Inventory_mangement_system/ForgotPassword.java</file>
            <file>file:/C:/Users/MSI%20MODERN/Documents/NetBeansProjects/JavaApplication2/src/Inventory_mangement_system/Home.java</file>
            <file>file:/C:/Users/MSI%20MODERN/Documents/NetBeansProjects/JavaApplication2/src/Inventory_mangement_system/ManageCategory.java</file>
            <file>file:/C:/Users/MSI%20MODERN/Documents/NetBeansProjects/JavaApplication2/src/Inventory_mangement_system/ViewEditDeleteProduct.java</file>
        </group>
    </open-files>
</project-private>
